Reference,Category,Date
#99069,"['Rant', 'Ask Prof Ben']",14 hours ago
#99067,['Advice'],14 hours ago
#99066,[],14 hours ago
#99065,['Rant'],14 hours ago
#99064,['Advice'],14 hours ago
#99063,['Nostalgia'],14 hours ago
#99062,['Rant'],14 hours ago
#99061,['Advice'],14 hours ago
#99060,['Rant'],14 hours ago
#99044,[],5 days ago
#99043,['Ask Prof Ben'],5 days ago
#99040,['Advice'],5 days ago
#99036,[],5 days ago
#99034,"['Romance', 'Rant', 'Advice']",5 days ago
#99033,"['Romance', 'Rant', 'Advice']",5 days ago
#99028,['Ask Prof Ben'],5 days ago
#99024,['Rant'],5 days ago
#99023,['Rant'],5 days ago
#99022,"['Rant', 'Advice']",5 days ago
#99021,['Rant'],5 days ago
#99020,['Advice'],5 days ago
#99018,"['Romance', 'Rant', 'Advice']",5 days ago
#99017,['Advice'],5 days ago
#99015,['Advice'],5 days ago
#99010,['Romance'],7 days ago
#99009,"['Romance', 'Advice']",7 days ago
#99008,"['Nostalgia', 'Advice', 'Ask Prof Ben']",7 days ago
#99007,"['Advice', 'Ask Prof Ben']",7 days ago
#99006,[],7 days ago
#99005,"['Romance', 'Advice']",7 days ago
#99001,['Romance'],7 days ago
#98999,['Ask Prof Ben'],7 days ago
#98996,[],7 days ago
#98993,['Advice'],7 days ago
#98992,"['Romance', 'Advice']",7 days ago
#98988,"['Advice', 'Ask Prof Ben']",7 days ago
#98985,[],8 days ago
#98984,['Rant'],8 days ago
#98982,"['Advice', 'Ask Prof Ben']",8 days ago
#98978,[],8 days ago
#98976,['Advice'],8 days ago
#98975,"['Rant', 'Advice']",8 days ago
#98971,"['Rant', 'Advice']",8 days ago
#98968,['Rant'],8 days ago
#98966,"['Rant', 'Advice']",8 days ago
#98964,"['Advice', 'Ask Prof Ben']",8 days ago
#98963,['Advice'],8 days ago
#98958,"['Romance', 'Advice']",8 days ago
#98955,['Romance'],8 days ago
#98953,"['Rant', 'Advice', 'Ask Prof Ben']",8 days ago
#98952,['Advice'],8 days ago
#98951,['Rant'],8 days ago
#98950,[],8 days ago
#98949,"['Rant', 'Advice']",8 days ago
#98948,['Advice'],9 days ago
#98947,"['Romance', 'Advice']",9 days ago
#98945,[],9 days ago
#98942,['Ask Prof Ben'],9 days ago
#98941,['Rant'],9 days ago
#98940,"['Rant', 'Advice']",9 days ago
#98939,"['Rant', 'Advice']",9 days ago
#98938,['Ask Prof Ben'],9 days ago
#98937,"['Lost and Found', 'Advice', 'Ask Prof Ben']",9 days ago
#98935,['Rant'],9 days ago
#98934,[],9 days ago
#98932,[],9 days ago
#98931,"['Romance', 'Nostalgia', 'Advice', 'Ask Prof Ben']",9 days ago
#98930,"['Romance', 'Advice']",9 days ago
#98929,"['Romance', 'Rant']",9 days ago
#98924,[],9 days ago
#98922,"['Romance', 'Rant', 'Advice']",9 days ago
#98911,"['Romance', 'Advice']",9 days ago
#98908,"['Romance', 'Advice']",9 days ago
#98907,"['Romance', 'Rant', 'Advice', 'Ask Prof Ben']",9 days ago
#98904,['Rant'],10 days ago
#98902,['Advice'],10 days ago
#98900,['Ask Prof Ben'],10 days ago
#98895,"['Romance', 'Rant']",10 days ago
#98894,['Advice'],10 days ago
#98893,['Advice'],10 days ago
#98889,"['Romance', 'Advice']",10 days ago
#98887,"['Lost and Found', 'Romance']",10 days ago
#98885,['Romance'],10 days ago
#98921,['Advice'],12 days ago
#98918,['Rant'],12 days ago
#98901,['Rant'],12 days ago
#98874,[],12 days ago
#98865,"['Romance', 'Advice']",12 days ago
#98864,['Advice'],12 days ago
#98863,"['Romance', 'Advice', 'Ask Prof Ben']",12 days ago
#98862,['Ask Prof Ben'],12 days ago
#98859,['Advice'],12 days ago
#98858,['Rant'],12 days ago
#98857,[],12 days ago
#98854,['Advice'],12 days ago
#98852,"['Advice', 'Ask Prof Ben']",12 days ago
#98851,['Romance'],12 days ago
#98850,['Advice'],12 days ago
#98849,"['Rant', 'Advice']",17 days ago
#98847,[],17 days ago
#98846,['Advice'],17 days ago
#98845,['Rant'],17 days ago
#98843,['Advice'],17 days ago
#98842,['Rant'],17 days ago
#98841,['Ask Prof Ben'],17 days ago
#98839,"['Rant', 'Advice']",17 days ago
#98837,['Advice'],17 days ago
#98833,['Advice'],17 days ago
#98830,['Advice'],17 days ago
#98826,"['Romance', 'Advice']",17 days ago
#98835,['Advice'],17 days ago
#98828,['Advice'],17 days ago
#98829,['Rant'],17 days ago
#98834,"['Rant', 'Advice']",17 days ago
#98827,"['Romance', 'Advice']",17 days ago
#98824,['Ask Prof Ben'],17 days ago
#98822,"['Rant', 'Advice']",17 days ago
#98820,[],18 days ago
#98819,['Advice'],18 days ago
#98818,['Romance'],18 days ago
#98817,"['Romance', 'Rant', 'Advice', 'Ask Prof Ben']",18 days ago
#98814,"['Romance', 'Rant', 'Advice']",18 days ago
#98813,['Romance'],18 days ago
#98811,['Rant'],19 days ago
#98810,['Rant'],19 days ago
#98809,"['Rant', 'Advice']",19 days ago
#98807,['Rant'],19 days ago
#98806,['Advice'],19 days ago
#98805,[],19 days ago
#98804,[],19 days ago
#98803,['Advice'],19 days ago
#98802,['Advice'],19 days ago
#98801,"['Advice', 'Ask Prof Ben']",19 days ago
#98800,"['Advice', 'Ask Prof Ben']",19 days ago
#98798,"['Romance', 'Advice']",19 days ago
#98795,"['Rant', 'Advice']",19 days ago
#98794,"['Romance', 'Advice']",19 days ago
#98791,"['Romance', 'Advice']",19 days ago
#98785,"['Rant', 'Advice']",19 days ago
#98784,"['Rant', 'Advice']",19 days ago
#98783,['Advice'],19 days ago
#98780,[],19 days ago
#98775,['Romance'],19 days ago
#98792,['Rant'],19 days ago
#98790,['Advice'],19 days ago
#98786,['Advice'],19 days ago
#98777,[],19 days ago
#98772,"['Romance', 'Advice']",19 days ago
#98771,['Advice'],19 days ago
#98770,['Advice'],19 days ago
#98769,['Rant'],19 days ago
#98766,[],19 days ago
#98765,[],19 days ago
#98763,['Advice'],19 days ago
#98761,[],19 days ago
#98760,"['Rant', 'Advice']",19 days ago
#98759,['Advice'],19 days ago
#98757,['Advice'],19 days ago
#98755,['Ask Prof Ben'],19 days ago
#98754,['Advice'],19 days ago
#98758,['Advice'],20 days ago
#98752,['Ask Prof Ben'],20 days ago
#98744,['Rant'],20 days ago
#98743,['Rant'],20 days ago
#98742,['Advice'],20 days ago
#98740,"['Advice', 'Ask Prof Ben']",20 days ago
#98733,[],20 days ago
#98723,['Funny'],21 days ago
#98722,['Romance'],21 days ago
#98721,"['Romance', 'Rant']",21 days ago
#98720,['Rant'],21 days ago
#98719,['Advice'],21 days ago
#98715,['Advice'],21 days ago
#98713,['Advice'],21 days ago
#98712,['Advice'],21 days ago
#98711,[],21 days ago
#98708,[],21 days ago
#98706,['Ask Prof Ben'],21 days ago
#98705,['Advice'],21 days ago
#98703,['Ask Prof Ben'],25 days ago
#98702,['Advice'],25 days ago
#98701,['Advice'],25 days ago
#98700,['Advice'],25 days ago
#98696,"['Romance', 'Nostalgia', 'Advice']",25 days ago
#98695,['Advice'],25 days ago
#98693,['Advice'],25 days ago
#98692,"['Romance', 'Advice']",25 days ago
#98689,"['Romance', 'Advice']",25 days ago
#98688,"['Rant', 'Advice']",25 days ago
#98687,['Rant'],25 days ago
#98685,['Romance'],25 days ago
#98684,['Advice'],25 days ago
#98680,"['Rant', 'Advice']",25 days ago
#98679,['Rant'],25 days ago
#98677,"['Romance', 'Advice']",25 days ago
#98674,['Advice'],25 days ago
#98671,"['Romance', 'Rant', 'Advice']",25 days ago
#98670,['Advice'],25 days ago
#98669,[],25 days ago
#98668,"['Rant', 'Advice']",a month ago
#98667,"['Rant', 'Advice']",a month ago
#98666,"['Romance', 'Rant', 'Advice']",a month ago
#98665,"['Advice', 'Ask Prof Ben']",a month ago
#98663,['Advice'],a month ago
#98662,"['Advice', 'Ask Prof Ben']",a month ago
#98661,['Advice'],a month ago
#98660,['Advice'],a month ago
#98658,"['Romance', 'Rant', 'Advice']",a month ago
#98657,[],a month ago
#98656,['Rant'],a month ago
#98655,['Advice'],a month ago
#98653,['Rant'],a month ago
#98652,['Advice'],a month ago
#98649,[],a month ago
#98648,['Advice'],a month ago
#98646,"['Lost and Found', 'Rant', 'Nostalgia', 'Advice']",a month ago
#98643,"['Romance', 'Advice']",a month ago
#98640,"['Rant', 'Advice']",a month ago
#98637,"['Romance', 'Rant', 'Advice']",a month ago
#98634,['Romance'],a month ago
#98633,['Romance'],a month ago
#98632,['Advice'],a month ago
#98630,"['Rant', 'Advice']",a month ago
#98628,[],a month ago
#98627,[],a month ago
#98626,[],a month ago
#98625,['Advice'],a month ago
#98624,['Rant'],a month ago
#98623,"['Romance', 'Rant', 'Advice']",a month ago
#98622,['Rant'],a month ago
#98621,[],a month ago
#98620,['Advice'],a month ago
#98618,['Advice'],a month ago
#98617,['Advice'],a month ago
#98616,['Advice'],a month ago
#98615,['Advice'],a month ago
#98614,['Advice'],a month ago
#98613,['Advice'],a month ago
#98611,['Advice'],a month ago
#98608,['Advice'],a month ago
#98606,[],a month ago
#98605,['Romance'],a month ago
#98603,['Advice'],a month ago
#98600,['Advice'],a month ago
#98596,"['Romance', 'Advice']",a month ago
#98594,"['Rant', 'Advice']",a month ago
#98592,['Advice'],a month ago
#98591,"['Rant', 'Advice']",a month ago
#98587,['Romance'],a month ago
#98584,"['Romance', 'Advice']",a month ago
#98581,['Romance'],a month ago
#98579,['Advice'],a month ago
#98575,"['Romance', 'Rant', 'Advice']",a month ago
#98574,"['Rant', 'Nostalgia', 'Ask Prof Ben']",a month ago
#98573,['Advice'],a month ago
#98571,"['Romance', 'Advice']",a month ago
#98570,"['Rant', 'Advice']",a month ago
#98569,['Advice'],a month ago
#98568,['Advice'],a month ago
#98566,"['Advice', 'Ask Prof Ben']",a month ago
#98565,['Advice'],a month ago
#98564,"['Advice', 'Ask Prof Ben']",a month ago
#98562,[],a month ago
#98557,"['Romance', 'Advice']",a month ago
#98556,['Advice'],a month ago
#98555,['Advice'],a month ago
#98554,['Advice'],a month ago
#98553,[],a month ago
#98552,"['Romance', 'Advice']",a month ago
#98550,[],a month ago
#98549,['Advice'],a month ago
#98548,"['Advice', 'Ask Prof Ben']",a month ago
#98546,['Advice'],a month ago
#98545,['Romance'],a month ago
#98544,[],a month ago
#98543,"['Romance', 'Advice']",a month ago
#98542,['Romance'],a month ago
#98538,[],a month ago
#98537,[],a month ago
#98536,"['Romance', 'Advice']",a month ago
#98535,['Ask Prof Ben'],a month ago
#98533,['Advice'],a month ago
#98532,[],a month ago
#98530,[],a month ago
#98529,"['Romance', 'Advice']",a month ago
#98527,['Advice'],a month ago
#98523,['Rant'],a month ago
#98521,['Romance'],a month ago
#98520,"['Rant', 'Advice']",a month ago
#98519,['Advice'],a month ago
#98518,"['Advice', 'Ask Prof Ben']",a month ago
#98516,[],a month ago
#98515,['Advice'],a month ago
#98513,"['Funny', 'Ask Prof Ben']",a month ago
#98512,"['Romance', 'Advice']",a month ago
#98509,[],a month ago
#98506,"['Romance', 'Rant', 'Advice']",a month ago
#98503,[],a month ago
#98502,['Nostalgia'],a month ago
#98501,"['Funny', 'Romance', 'Advice']",a month ago
#98500,"['Romance', 'Advice']",a month ago
#98497,['Rant'],a month ago
#98492,['Advice'],a month ago
#98517,['Rant'],a month ago
#98491,['Rant'],a month ago
#98487,['Advice'],a month ago
#98486,['Advice'],a month ago
#98483,['Advice'],a month ago
#98479,[],a month ago
#98478,[],a month ago
#98477,['Rant'],a month ago
#98475,[],a month ago
#98474,[],a month ago
#98472,['Advice'],a month ago
#98470,"['Advice', 'Ask Prof Ben']",a month ago
#98468,[],a month ago
#98467,['Rant'],a month ago
#98464,"['Rant', 'Advice']",a month ago
#98463,['Advice'],a month ago
#98458,['Rant'],a month ago
#98455,[],a month ago
#98454,['Advice'],a month ago
#98453,[],a month ago
#98452,['Advice'],a month ago
#98448,"['Romance', 'Advice']",a month ago
#98447,"['Rant', 'Ask Prof Ben']",a month ago
#98445,"['Rant', 'Advice']",a month ago
#98444,['Advice'],a month ago
#98442,[],a month ago
#98435,['Advice'],a month ago
#98429,['Advice'],a month ago
#98426,[],a month ago
#98425,['Rant'],a month ago
#98422,[],a month ago
#98421,"['Romance', 'Advice']",a month ago
#98420,[],a month ago
#98419,['Rant'],a month ago
#98418,['Advice'],a month ago
#98413,['Advice'],a month ago
#98411,['Rant'],a month ago
#98410,[],a month ago
#98406,['Lost and Found'],a month ago
#98404,"['Rant', 'Advice']",a month ago
#98403,"['Funny', 'Advice']",a month ago
#98401,"['Advice', 'Ask Prof Ben']",a month ago
#98400,['Advice'],a month ago
#98399,"['Romance', 'Rant', 'Advice']",a month ago
#98398,"['Romance', 'Advice']",a month ago
#98397,"['Rant', 'Advice']",a month ago
#98396,['Rant'],a month ago
#98395,['Advice'],a month ago
#98394,['Romance'],a month ago
#98393,['Rant'],a month ago
#98391,['Advice'],a month ago
#98390,['Nostalgia'],a month ago
#98384,[],a month ago
#98382,['Advice'],a month ago
#98381,['Advice'],a month ago
#98380,['Rant'],a month ago
#98376,['Nostalgia'],a month ago
#98373,['Romance'],a month ago
#98370,['Advice'],a month ago
#98369,['Rant'],a month ago
#98368,[],a month ago
#98367,"['Rant', 'Advice']",a month ago
#98364,[],a month ago
#98359,"['Romance', 'Rant', 'Advice', 'Ask Prof Ben']",a month ago
#98355,"['Romance', 'Rant', 'Advice']",a month ago
#98353,['Romance'],a month ago
#98349,['Ask Prof Ben'],a month ago
#98346,['Advice'],a month ago
#98374,[],a month ago
#98372,"['Advice', 'Ask Prof Ben']",a month ago
#98362,"['Advice', 'Ask Prof Ben']",a month ago
#98357,['Advice'],a month ago
#98347,[],a month ago
#98350,['Rant'],a month ago
#98338,"['Rant', 'Ask Prof Ben']",a month ago
#98335,['Advice'],a month ago
#98332,['Advice'],a month ago
#98330,['Advice'],a month ago
#98329,['Advice'],a month ago
#98327,"['Romance', 'Advice']",a month ago
#98324,['Rant'],2 months ago
#98323,['Advice'],2 months ago
#98322,['Rant'],2 months ago
#98320,['Advice'],2 months ago
#98319,"['Rant', 'Advice']",2 months ago
#98318,"['Romance', 'Advice']",2 months ago
#98317,"['Romance', 'Advice']",2 months ago
#98316,['Advice'],2 months ago
#98315,"['Romance', 'Advice']",2 months ago
#98314,['Advice'],2 months ago
#98313,['Advice'],2 months ago
#98311,[],2 months ago
#98310,['Rant'],2 months ago
#98309,['Rant'],2 months ago
#98308,['Rant'],2 months ago
#98306,['Advice'],2 months ago
#98305,['Advice'],2 months ago
#98303,['Advice'],2 months ago
#98302,"['Rant', 'Advice']",2 months ago
#98301,['Advice'],2 months ago
#98299,[],2 months ago
#98298,"['Advice', 'Ask Prof Ben']",2 months ago
#98294,['Advice'],2 months ago
#98293,"['Romance', 'Rant']",2 months ago
#98291,"['Romance', 'Advice', 'Ask Prof Ben']",2 months ago
#98290,['Advice'],2 months ago
#98288,"['Rant', 'Advice']",2 months ago
#98282,['Advice'],2 months ago
#98281,[],2 months ago
#98279,['Advice'],2 months ago
#98278,['Advice'],2 months ago
#98277,"['Romance', 'Advice', 'Ask Prof Ben']",2 months ago
#98275,"['Rant', 'Advice']",2 months ago
#98273,"['Advice', 'Ask Prof Ben']",2 months ago
#98272,"['Advice', 'Ask Prof Ben']",2 months ago
#98271,['Advice'],2 months ago
#98268,['Romance'],2 months ago
#98266,['Rant'],2 months ago
#98264,['Advice'],2 months ago
#98267,['Rant'],2 months ago
#98262,"['Romance', 'Rant', 'Advice']",2 months ago
#98260,['Rant'],2 months ago
#98259,['Advice'],2 months ago
#98258,[],2 months ago
#98256,['Advice'],2 months ago
#98253,"['Rant', 'Advice']",2 months ago
#98252,"['Advice', 'Ask Prof Ben']",2 months ago
#98250,[],2 months ago
#98248,"['Romance', 'Advice']",2 months ago
#98245,"['Rant', 'Advice']",2 months ago
#98244,['Rant'],2 months ago
#98238,"['Rant', 'Advice']",2 months ago
#98235,"['Rant', 'Ask Prof Ben']",2 months ago
#98233,"['Rant', 'Advice']",2 months ago
#98232,"['Advice', 'Ask Prof Ben']",2 months ago
#98230,['Advice'],2 months ago
#98229,"['Advice', 'Ask Prof Ben']",2 months ago
#98226,['Advice'],2 months ago
#98221,['Romance'],2 months ago
#98220,"['Rant', 'Advice']",2 months ago
#98219,"['Romance', 'Advice']",2 months ago
#98212,['Advice'],2 months ago
#98211,"['Rant', 'Advice']",2 months ago
#98209,"['Funny', 'Romance', 'Rant', 'Nostalgia']",2 months ago
#98206,['Advice'],2 months ago
#98204,['Advice'],2 months ago
#98203,['Advice'],2 months ago
#98200,"['Advice', 'Ask Prof Ben']",2 months ago
#98198,['Advice'],2 months ago
#98197,['Advice'],2 months ago
#98194,"['Rant', 'Advice']",2 months ago
#98193,['Ask Prof Ben'],2 months ago
#98191,['Advice'],2 months ago
#98190,"['Romance', 'Advice']",2 months ago
#98187,"['Romance', 'Rant', 'Advice']",2 months ago
#98186,"['Romance', 'Rant', 'Advice', 'Ask Prof Ben']",2 months ago
#98184,"['Advice', 'Ask Prof Ben']",2 months ago
#98179,[],2 months ago
#98175,['Rant'],2 months ago
#98171,['Advice'],2 months ago
#98161,[],2 months ago
#98160,['Rant'],2 months ago
#98157,[],2 months ago
#98155,"['Rant', 'Advice', 'Ask Prof Ben']",2 months ago
#98154,['Advice'],2 months ago
#98150,['Rant'],2 months ago
#98149,['Rant'],2 months ago
#98148,"['Rant', 'Advice']",2 months ago
#98145,['Advice'],2 months ago
#98144,[],2 months ago
#98141,['Ask Prof Ben'],2 months ago
#98139,"['Romance', 'Rant', 'Advice']",2 months ago
#98137,"['Advice', 'Ask Prof Ben']",2 months ago
#98133,['Advice'],2 months ago
#98127,"['Romance', 'Advice']",2 months ago
#98126,[],2 months ago
#98125,['Advice'],2 months ago
#98124,['Advice'],2 months ago
#98122,[],2 months ago
#98121,"['Advice', 'Ask Prof Ben']",2 months ago
#98118,"['Rant', 'Advice']",2 months ago
#98113,"['Romance', 'Rant', 'Advice']",2 months ago
#98111,"['Rant', 'Advice']",2 months ago
#98109,[],2 months ago
#98108,"['Rant', 'Advice']",2 months ago
#98104,['Advice'],2 months ago
#98103,"['Romance', 'Advice']",2 months ago
#98102,"['Romance', 'Rant', 'Advice']",2 months ago
#98101,['Romance'],2 months ago
#98097,['Advice'],2 months ago
#98095,['Rant'],2 months ago
#98092,"['Funny', 'Rant']",2 months ago
#98088,"['Romance', 'Rant', 'Advice']",2 months ago
#98087,"['Romance', 'Rant', 'Advice']",2 months ago
#98086,"['Romance', 'Rant', 'Advice']",2 months ago
#98085,['Rant'],2 months ago
#98083,['Advice'],2 months ago
#98082,['Advice'],2 months ago
#98081,"['Advice', 'Ask Prof Ben']",2 months ago
#98080,['Rant'],2 months ago
#98074,[],2 months ago
#98070,['Advice'],2 months ago
#98069,"['Rant', 'Advice']",2 months ago
#98078,"['Advice', 'Ask Prof Ben']",2 months ago
#98072,['Rant'],2 months ago
#98071,['Advice'],2 months ago
#98067,['Advice'],2 months ago
#98065,['Rant'],2 months ago
#98062,['Advice'],2 months ago
#98061,[],2 months ago
#98060,['Rant'],2 months ago
#98057,"['Romance', 'Advice']",2 months ago
#98053,['Advice'],2 months ago
#98052,['Ask Prof Ben'],2 months ago
#98050,['Ask Prof Ben'],2 months ago
#98048,"['Romance', 'Advice', 'Ask Prof Ben']",2 months ago
#98046,['Rant'],2 months ago
#98038,"['Romance', 'Advice']",2 months ago
#98045,"['Advice', 'Ask Prof Ben']",2 months ago
#98037,"['Rant', 'Advice']",2 months ago
#98036,['Rant'],2 months ago
#98032,['Rant'],2 months ago
#98031,['Advice'],2 months ago
#98030,['Rant'],2 months ago
#98026,['Advice'],2 months ago
#98025,"['Rant', 'Advice']",2 months ago
#98024,"['Advice', 'Ask Prof Ben']",2 months ago
#98021,[],2 months ago
#98017,['Rant'],2 months ago
#98016,"['Rant', 'Advice']",2 months ago
#98015,['Romance'],2 months ago
#98013,['Advice'],2 months ago
#98012,"['Romance', 'Nostalgia']",2 months ago
#98009,[],2 months ago
#98008,['Rant'],2 months ago
#98005,['Advice'],2 months ago
#98004,['Advice'],2 months ago
#98001,"['Romance', 'Advice']",2 months ago
#97998,['Advice'],2 months ago
#97997,[],2 months ago
#97994,"['Rant', 'Advice']",2 months ago
#97993,"['Rant', 'Advice']",2 months ago
#97992,"['Romance', 'Rant', 'Advice']",2 months ago
#97984,['Advice'],2 months ago
#97983,['Rant'],2 months ago
#97982,['Rant'],2 months ago
#97980,"['Advice', 'Ask Prof Ben']",2 months ago
#97979,['Advice'],2 months ago
#97977,['Advice'],2 months ago
#97976,['Rant'],2 months ago
#97973,['Advice'],2 months ago
#97971,[],2 months ago
#97969,"['Romance', 'Rant', 'Advice']",2 months ago
#97964,['Rant'],2 months ago
#97966,"['Romance', 'Ask Prof Ben']",2 months ago
#97957,['Advice'],2 months ago
#97955,['Advice'],2 months ago
#97954,['Advice'],2 months ago
#97952,"['Romance', 'Advice']",2 months ago
#97948,"['Rant', 'Advice']",2 months ago
#97947,['Ask Prof Ben'],2 months ago
#97946,['Advice'],2 months ago
#97942,"['Romance', 'Advice']",2 months ago
#97939,"['Romance', 'Advice', 'Ask Prof Ben']",2 months ago
#97937,['Advice'],2 months ago
#97932,"['Rant', 'Advice']",2 months ago
#97931,['Rant'],2 months ago
#97930,"['Romance', 'Advice']",2 months ago
#97928,"['Advice', 'Ask Prof Ben']",2 months ago
#97927,['Rant'],2 months ago
#97924,['Rant'],2 months ago
#97920,['Advice'],2 months ago
#97919,['Rant'],2 months ago
#97915,['Advice'],2 months ago
#97913,[],2 months ago
#97911,"['Romance', 'Rant']",2 months ago
#97910,[],2 months ago
#97892,[],2 months ago
#97890,['Rant'],2 months ago
#97886,['Advice'],2 months ago
#97885,['Romance'],2 months ago
#97884,['Advice'],2 months ago
#97882,[],2 months ago
#97880,"['Advice', 'Ask Prof Ben']",2 months ago
#97879,"['Advice', 'Ask Prof Ben']",2 months ago
#97907,[],2 months ago
#97906,['Rant'],2 months ago
#97905,['Ask Prof Ben'],2 months ago
#97904,['Rant'],2 months ago
#97899,"['Funny', 'Rant', 'Ask Prof Ben']",2 months ago
#97898,"['Rant', 'Advice']",2 months ago
#97896,"['Rant', 'Advice']",2 months ago
#97894,['Advice'],2 months ago
#97901,"['Rant', 'Ask Prof Ben']",2 months ago
#97902,"['Funny', 'Romance', 'Advice']",2 months ago
#97887,['Rant'],2 months ago
#97877,"['Romance', 'Rant']",2 months ago
#97876,"['Romance', 'Advice', 'Ask Prof Ben']",2 months ago
#97872,[],3 months ago
#97870,['Rant'],3 months ago
#97866,['Romance'],3 months ago
#97865,['Advice'],3 months ago
#97864,"['Romance', 'Rant', 'Advice']",3 months ago
#97863,['Rant'],3 months ago
#97859,[],3 months ago
#97856,[],3 months ago
#97855,['Advice'],3 months ago
#97851,['Rant'],3 months ago
#97848,['Rant'],3 months ago
#97847,"['Advice', 'Ask Prof Ben']",3 months ago
#97846,['Advice'],3 months ago
#97845,"['Romance', 'Advice']",3 months ago
#97844,[],3 months ago
#97843,[],3 months ago
#97840,[],3 months ago
#97838,['Advice'],3 months ago
#97836,"['Funny', 'Romance', 'Rant']",3 months ago
#97835,['Rant'],3 months ago
#97834,['Rant'],3 months ago
#97832,"['Rant', 'Advice']",3 months ago
#97829,"['Rant', 'Advice', 'Ask Prof Ben']",3 months ago
#97826,['Advice'],3 months ago
#97825,"['Romance', 'Advice']",3 months ago
#97823,['Rant'],3 months ago
#97822,"['Lost and Found', 'Advice']",3 months ago
#97821,['Rant'],3 months ago
#97819,[],3 months ago
#97817,['Romance'],3 months ago
#97816,['Rant'],3 months ago
#97815,['Rant'],3 months ago
#97814,['Rant'],3 months ago
#97810,['Advice'],3 months ago
#97808,['Rant'],3 months ago
#97805,[],3 months ago
#97803,['Nostalgia'],3 months ago
#97802,['Rant'],3 months ago
#97801,"['Romance', 'Rant']",3 months ago
#97799,['Advice'],3 months ago
#97798,"['Romance', 'Advice']",3 months ago
#97796,[],3 months ago
#97793,['Rant'],3 months ago
#97789,"['Romance', 'Advice']",3 months ago
#97788,"['Rant', 'Advice']",3 months ago
#97784,['Rant'],3 months ago
#97783,"['Romance', 'Rant']",3 months ago
#97782,"['Rant', 'Advice']",3 months ago
#97780,"['Advice', 'Ask Prof Ben']",3 months ago
#97779,"['Romance', 'Advice']",3 months ago
#97777,['Advice'],3 months ago
#97774,[],3 months ago
#97772,"['Rant', 'Advice']",3 months ago
#97771,['Advice'],3 months ago
#97769,['Rant'],3 months ago
#97767,[],3 months ago
#97764,"['Advice', 'Ask Prof Ben']",3 months ago
#97763,"['Romance', 'Advice']",3 months ago
#97762,"['Romance', 'Rant', 'Advice']",3 months ago
#97761,"['Rant', 'Advice', 'Ask Prof Ben']",3 months ago
#97757,['Romance'],3 months ago
#97755,['Rant'],3 months ago
#97754,"['Rant', 'Advice']",3 months ago
#97753,"['Romance', 'Advice']",3 months ago
#97752,[],3 months ago
#97747,"['Romance', 'Rant', 'Advice']",3 months ago
#97745,"['Romance', 'Advice']",3 months ago
#97744,['Rant'],3 months ago
#97739,"['Advice', 'Ask Prof Ben']",3 months ago
#97738,"['Rant', 'Advice']",3 months ago
#97736,[],3 months ago
#97735,"['Rant', 'Ask Prof Ben']",3 months ago
#97734,['Romance'],3 months ago
#97733,"['Funny', 'Advice', 'Ask Prof Ben']",3 months ago
#97732,['Rant'],3 months ago
#97730,"['Rant', 'Advice']",3 months ago
#97728,['Nostalgia'],3 months ago
#97726,['Rant'],3 months ago
#97724,"['Rant', 'Advice']",3 months ago
#97723,"['Rant', 'Advice']",3 months ago
#97719,['Advice'],3 months ago
#97718,['Advice'],3 months ago
#97717,"['Rant', 'Advice']",3 months ago
#97715,"['Romance', 'Advice']",3 months ago
#97713,['Advice'],3 months ago
#97711,['Advice'],3 months ago
#97710,['Rant'],3 months ago
#97709,"['Romance', 'Rant', 'Advice']",3 months ago
#97705,['Rant'],3 months ago
#97704,['Rant'],3 months ago
#97702,['Rant'],3 months ago
#97701,['Advice'],3 months ago
#97700,['Ask Prof Ben'],3 months ago
#97697,"['Romance', 'Advice']",3 months ago
#97696,['Rant'],3 months ago
#97693,['Advice'],3 months ago
#97692,['Advice'],3 months ago
#97689,"['Romance', 'Advice']",3 months ago
#97686,"['Romance', 'Advice']",3 months ago
#97685,['Advice'],3 months ago
#97684,['Advice'],3 months ago
#97683,['Advice'],3 months ago
#97682,['Rant'],3 months ago
#97681,"['Romance', 'Rant']",3 months ago
#97680,"['Romance', 'Advice']",3 months ago
#97679,['Romance'],3 months ago
#97677,['Ask Prof Ben'],3 months ago
#97676,"['Romance', 'Advice']",3 months ago
#97674,[],3 months ago
#97672,['Advice'],3 months ago
#97671,['Rant'],3 months ago
#97670,"['Romance', 'Advice']",3 months ago
#97667,[],3 months ago
#97665,"['Rant', 'Advice']",3 months ago
#97663,"['Funny', 'Rant', 'Advice']",3 months ago
#97661,['Advice'],3 months ago
#97660,"['Romance', 'Rant', 'Advice']",3 months ago
#97659,"['Rant', 'Advice']",3 months ago
#97662,['Rant'],3 months ago
#97658,['Rant'],3 months ago
#97656,['Advice'],3 months ago
#97655,"['Romance', 'Rant', 'Advice']",3 months ago
#97653,"['Romance', 'Advice']",3 months ago
#97652,['Advice'],3 months ago
#97651,"['Advice', 'Ask Prof Ben']",3 months ago
#97648,"['Romance', 'Rant']",3 months ago
#97647,['Advice'],3 months ago
#97646,"['Romance', 'Advice']",3 months ago
#97645,"['Advice', 'Ask Prof Ben']",3 months ago
#97643,['Ask Prof Ben'],3 months ago
#97642,['Rant'],3 months ago
#97639,['Advice'],3 months ago
#97638,['Rant'],3 months ago
#97637,"['Advice', 'Ask Prof Ben']",3 months ago
#97636,"['Romance', 'Rant']",3 months ago
#97634,"['Romance', 'Advice', 'Ask Prof Ben']",3 months ago
#97632,"['Romance', 'Advice']",3 months ago
#97630,[],3 months ago
#97627,"['Rant', 'Advice']",3 months ago
#97624,[],3 months ago
#97623,[],3 months ago
#97622,['Ask Prof Ben'],3 months ago
#97621,['Advice'],3 months ago
#97619,"['Rant', 'Advice']",3 months ago
#97617,['Advice'],3 months ago
#97616,['Advice'],3 months ago
#97615,"['Rant', 'Advice']",3 months ago
#97614,"['Romance', 'Advice']",3 months ago
#97612,['Rant'],3 months ago
#97611,"['Romance', 'Advice']",3 months ago
#97608,"['Rant', 'Advice']",3 months ago
#97605,['Advice'],3 months ago
#97610,['Advice'],3 months ago
#97609,['Ask Prof Ben'],3 months ago
#97603,"['Romance', 'Advice']",3 months ago
#97602,[],3 months ago
#97590,['Nostalgia'],3 months ago
#97589,"['Romance', 'Nostalgia']",3 months ago
#97588,[],3 months ago
#97580,['Advice'],3 months ago
#97579,"['Romance', 'Advice']",3 months ago
#97574,"['Romance', 'Rant', 'Advice']",3 months ago
#97572,['Advice'],3 months ago
#97571,['Rant'],3 months ago
#97569,['Rant'],3 months ago
#97565,['Advice'],3 months ago
#97564,['Advice'],3 months ago
#97563,"['Advice', 'Ask Prof Ben']",3 months ago
#97559,['Rant'],3 months ago
#97558,"['Romance', 'Advice']",3 months ago
#97556,"['Advice', 'Ask Prof Ben']",3 months ago
#97554,['Advice'],3 months ago
#97552,"['Romance', 'Advice']",3 months ago
#97551,['Rant'],3 months ago
#97549,"['Romance', 'Rant', 'Advice']",3 months ago
#97548,"['Rant', 'Advice']",3 months ago
#97545,"['Romance', 'Rant', 'Advice']",3 months ago
#97544,"['Rant', 'Advice']",3 months ago
#97542,"['Romance', 'Advice']",3 months ago
#97541,[],3 months ago
#97534,"['Romance', 'Rant', 'Advice']",3 months ago
#97536,"['Rant', 'Advice']",3 months ago
#97537,['Advice'],3 months ago
#97531,['Advice'],3 months ago
#97529,"['Rant', 'Advice']",3 months ago
#97526,['Advice'],3 months ago
#97525,['Advice'],3 months ago
#97524,"['Romance', 'Rant', 'Nostalgia']",3 months ago
#97523,['Advice'],3 months ago
#97522,"['Advice', 'Ask Prof Ben']",3 months ago
#97516,['Advice'],3 months ago
#97514,"['Romance', 'Advice']",3 months ago
#97512,"['Romance', 'Advice']",3 months ago
#97511,"['Rant', 'Advice']",3 months ago
#97508,"['Advice', 'Ask Prof Ben']",3 months ago
#97510,['Rant'],3 months ago
#97506,"['Advice', 'Ask Prof Ben']",3 months ago
#97502,['Ask Prof Ben'],3 months ago
#97499,['Advice'],3 months ago
#97498,['Advice'],3 months ago
#97497,"['Funny', 'Advice']",3 months ago
#97496,['Rant'],3 months ago
#97495,['Rant'],3 months ago
#97493,[],3 months ago
#97492,['Rant'],3 months ago
#97491,['Advice'],3 months ago
#97489,['Advice'],3 months ago
#97488,['Advice'],3 months ago
#97486,['Advice'],3 months ago
#97480,"['Nostalgia', 'Advice']",3 months ago
#97479,[],3 months ago
#97476,"['Romance', 'Rant', 'Advice']",3 months ago
#97474,"['Romance', 'Advice', 'Ask Prof Ben']",3 months ago
#97473,"['Advice', 'Ask Prof Ben']",3 months ago
#97471,['Rant'],3 months ago
#97470,"['Romance', 'Advice']",3 months ago
#97469,"['Rant', 'Advice']",3 months ago
#97468,['Advice'],3 months ago
#97467,"['Advice', 'Ask Prof Ben']",3 months ago
#97466,['Advice'],3 months ago
#97465,"['Romance', 'Advice']",3 months ago
#97464,['Advice'],3 months ago
#97463,['Rant'],3 months ago
#97460,"['Rant', 'Advice', 'Ask Prof Ben']",3 months ago
#97459,"['Romance', 'Advice']",3 months ago
#97458,['Advice'],3 months ago
#97452,"['Romance', 'Advice']",3 months ago
#97450,[],3 months ago
#97446,[],3 months ago
#97441,['Rant'],3 months ago
#97439,"['Rant', 'Advice']",3 months ago
#97438,['Rant'],3 months ago
#97434,['Advice'],3 months ago
#97429,"['Romance', 'Advice']",3 months ago
#97426,"['Romance', 'Advice', 'Ask Prof Ben']",3 months ago
#97425,['Rant'],3 months ago
#97422,['Advice'],3 months ago
#97421,['Advice'],3 months ago
#97420,"['Romance', 'Advice']",3 months ago
#97418,"['Romance', 'Advice']",3 months ago
#97415,['Advice'],3 months ago
#97414,['Advice'],3 months ago
#97412,['Advice'],3 months ago
#97411,[],3 months ago
#97410,[],3 months ago
#97407,['Advice'],3 months ago
#97404,[],3 months ago
#97401,"['Advice', 'Ask Prof Ben']",3 months ago
#97399,['Romance'],3 months ago
#97388,['Romance'],3 months ago
#97387,"['Romance', 'Rant', 'Advice']",3 months ago
#97386,"['Romance', 'Advice']",3 months ago
#97385,"['Romance', 'Advice', 'Ask Prof Ben']",3 months ago
#97382,[],3 months ago
#97381,"['Romance', 'Advice']",3 months ago
#97380,['Advice'],3 months ago
#97376,['Advice'],3 months ago
#97373,['Romance'],3 months ago
#97372,['Advice'],3 months ago
#97369,['Advice'],3 months ago
#97368,[],3 months ago
#97365,['Romance'],3 months ago
#97363,"['Advice', 'Ask Prof Ben']",3 months ago
#97361,['Advice'],3 months ago
#97358,['Advice'],3 months ago
#97353,"['Romance', 'Advice']",3 months ago
#97348,['Advice'],3 months ago
#97347,"['Advice', 'Ask Prof Ben']",3 months ago
#97344,[],3 months ago
#97341,"['Advice', 'Ask Prof Ben']",3 months ago
#97337,[],3 months ago
#97335,['Rant'],3 months ago
#97333,['Advice'],3 months ago
#97334,['Ask Prof Ben'],3 months ago
#97332,['Advice'],3 months ago
#97329,[],3 months ago
#97325,['Advice'],3 months ago
#97324,"['Advice', 'Ask Prof Ben']",3 months ago
#97323,[],3 months ago
#97321,[],3 months ago
#97320,['Advice'],3 months ago
#97319,['Advice'],3 months ago
#97318,"['Rant', 'Advice', 'Ask Prof Ben']",3 months ago
#97317,"['Romance', 'Advice']",3 months ago
#97313,['Advice'],3 months ago
#97309,"['Romance', 'Nostalgia']",3 months ago
#97306,"['Advice', 'Ask Prof Ben']",3 months ago
#97305,"['Romance', 'Rant', 'Advice']",3 months ago
#97301,"['Rant', 'Advice', 'Ask Prof Ben']",3 months ago
#97298,"['Romance', 'Advice']",3 months ago
#97295,['Advice'],3 months ago
#97292,['Advice'],3 months ago
#97290,[],3 months ago
#97289,['Advice'],3 months ago
#97287,"['Romance', 'Rant', 'Advice']",3 months ago
#97285,"['Romance', 'Advice']",3 months ago
#97284,['Rant'],3 months ago
#97283,[],3 months ago
#97281,[],3 months ago
#97271,"['Romance', 'Advice']",3 months ago
#97269,"['Romance', 'Rant', 'Advice']",3 months ago
#97268,['Romance'],3 months ago
#97267,"['Rant', 'Advice']",3 months ago
#97261,['Advice'],3 months ago
#97259,"['Romance', 'Advice']",3 months ago
#97258,['Lost and Found'],3 months ago
#97257,[],3 months ago
#97256,"['Rant', 'Advice']",3 months ago
#97275,['Advice'],3 months ago
#97253,"['Rant', 'Advice']",3 months ago
#97252,['Advice'],3 months ago
#97251,['Advice'],3 months ago
#97249,['Advice'],3 months ago
#97245,['Ask Prof Ben'],3 months ago
#97241,[],3 months ago
#97240,[],3 months ago
#97238,[],3 months ago
#97237,['Ask Prof Ben'],3 months ago
#97236,"['Advice', 'Ask Prof Ben']",3 months ago
#97234,[],3 months ago
#97232,"['Romance', 'Advice']",3 months ago
#97231,[],3 months ago
#97230,"['Advice', 'Ask Prof Ben']",3 months ago
#97229,['Romance'],3 months ago
#97228,"['Romance', 'Advice']",3 months ago
#97227,"['Rant', 'Advice']",3 months ago
#97226,"['Advice', 'Ask Prof Ben']",3 months ago
#97225,"['Romance', 'Advice']",3 months ago
#97220,['Ask Prof Ben'],3 months ago
#97219,[],3 months ago
#97218,['Advice'],3 months ago
#97217,['Advice'],3 months ago
#97216,['Ask Prof Ben'],3 months ago
#97213,"['Romance', 'Advice']",3 months ago
#97211,"['Romance', 'Advice']",3 months ago
#97210,"['Rant', 'Advice', 'Ask Prof Ben']",3 months ago
#97207,['Advice'],3 months ago
#97206,['Advice'],3 months ago
#97205,[],3 months ago
#97203,"['Romance', 'Rant']",3 months ago
#97197,['Ask Prof Ben'],3 months ago
#97195,['Rant'],3 months ago
#97188,[],3 months ago
#97187,['Advice'],3 months ago
#97186,"['Romance', 'Advice']",3 months ago
#97185,"['Advice', 'Ask Prof Ben']",3 months ago
#97183,['Rant'],3 months ago
#97180,"['Funny', 'Advice']",3 months ago
#97177,"['Romance', 'Advice']",3 months ago
#97168,"['Romance', 'Advice', 'Ask Prof Ben']",3 months ago
#97167,['Rant'],3 months ago
#97165,['Advice'],3 months ago
#97163,"['Romance', 'Advice']",3 months ago
#97181,"['Romance', 'Advice', 'Ask Prof Ben']",3 months ago
#97169,['Ask Prof Ben'],3 months ago
#97174,"['Rant', 'Advice', 'Ask Prof Ben']",3 months ago
#97162,['Advice'],3 months ago
#97161,"['Rant', 'Advice']",3 months ago
#97160,"['Advice', 'Ask Prof Ben']",3 months ago
#97159,"['Rant', 'Advice']",3 months ago
#97157,"['Romance', 'Advice']",3 months ago
#97155,['Advice'],3 months ago
#97149,"['Lost and Found', 'Nostalgia', 'Advice', 'Ask Prof Ben']",3 months ago
#97148,['Rant'],3 months ago
#97143,"['Rant', 'Advice']",3 months ago
#97136,['Advice'],3 months ago
#97135,['Advice'],3 months ago
#97134,['Romance'],3 months ago
#97133,['Advice'],3 months ago
#97132,['Advice'],3 months ago
#97131,['Romance'],3 months ago
#97130,"['Funny', 'Ask Prof Ben']",3 months ago
#97129,['Advice'],3 months ago
#97126,"['Rant', 'Nostalgia', 'Advice', 'Ask Prof Ben']",3 months ago
#97125,[],3 months ago
#97123,"['Advice', 'Ask Prof Ben']",4 months ago
#97120,"['Romance', 'Rant']",4 months ago
#97119,"['Advice', 'Ask Prof Ben']",4 months ago
#97118,"['Romance', 'Nostalgia']",4 months ago
#97116,['Rant'],4 months ago
#97115,['Rant'],4 months ago
#97113,['Advice'],4 months ago
#97110,[],4 months ago
#97108,"['Romance', 'Advice']",4 months ago
#97107,['Advice'],4 months ago
#97104,"['Romance', 'Advice', 'Ask Prof Ben']",4 months ago
#97103,"['Rant', 'Advice']",4 months ago
#97102,['Advice'],4 months ago
#97100,['Ask Prof Ben'],4 months ago
#97097,['Advice'],4 months ago
#97096,['Funny'],4 months ago
#97095,['Advice'],4 months ago
#97093,"['Rant', 'Advice']",4 months ago
#97092,['Rant'],4 months ago
#97091,['Advice'],4 months ago
#97086,['Advice'],4 months ago
#97085,['Rant'],4 months ago
#97071,[],4 months ago
#97066,['Advice'],4 months ago
#97081,['Romance'],4 months ago
#97078,"['Rant', 'Advice']",4 months ago
#97076,['Advice'],4 months ago
#97073,['Rant'],4 months ago
#97068,['Advice'],4 months ago
#97067,"['Romance', 'Ask Prof Ben']",4 months ago
#97064,['Advice'],4 months ago
#97063,['Advice'],4 months ago
#97062,"['Advice', 'Ask Prof Ben']",4 months ago
#97059,['Advice'],4 months ago
#97058,[],4 months ago
#97054,['Advice'],4 months ago
#97051,"['Advice', 'Ask Prof Ben']",4 months ago
#97050,['Advice'],4 months ago
#97047,['Advice'],4 months ago
#97045,['Rant'],4 months ago
#97044,['Advice'],4 months ago
#97043,['Romance'],4 months ago
#97040,['Advice'],4 months ago
#97037,['Rant'],4 months ago
#97036,['Romance'],4 months ago
#97035,"['Rant', 'Ask Prof Ben']",4 months ago
#97034,['Romance'],4 months ago
#97033,"['Advice', 'Ask Prof Ben']",4 months ago
#97032,[],4 months ago
#97031,[],4 months ago
#97028,['Advice'],4 months ago
#97027,['Rant'],4 months ago
#97026,"['Romance', 'Rant', 'Advice', 'Ask Prof Ben']",4 months ago
#97025,['Advice'],4 months ago
#97024,"['Romance', 'Advice']",4 months ago
#97022,[],4 months ago
#97021,"['Romance', 'Advice']",4 months ago
#97020,['Romance'],4 months ago
#97019,[],4 months ago
#97016,['Ask Prof Ben'],4 months ago
#97015,"['Lost and Found', 'Nostalgia', 'Advice', 'Ask Prof Ben']",4 months ago
#97012,['Advice'],4 months ago
#97011,['Advice'],4 months ago
#97010,['Advice'],4 months ago
#97008,"['Advice', 'Ask Prof Ben']",4 months ago
#97007,[],4 months ago
#97006,"['Advice', 'Ask Prof Ben']",4 months ago
#97005,[],4 months ago
#97004,"['Advice', 'Ask Prof Ben']",4 months ago
#97003,['Advice'],4 months ago
#97002,['Advice'],4 months ago
#97000,"['Romance', 'Advice']",4 months ago
#96999,['Ask Prof Ben'],4 months ago
#96994,"['Rant', 'Advice']",4 months ago
#96992,['Nostalgia'],4 months ago
#96989,"['Rant', 'Advice']",4 months ago
#96988,['Advice'],4 months ago
#96987,['Romance'],4 months ago
#96986,"['Romance', 'Advice']",4 months ago
#96984,[],4 months ago
#96983,[],4 months ago
#96982,['Advice'],4 months ago
#96981,['Advice'],4 months ago
#96980,"['Advice', 'Ask Prof Ben']",4 months ago
#96979,['Advice'],4 months ago
#96978,['Advice'],4 months ago
#96977,['Advice'],4 months ago
#96976,"['Romance', 'Advice']",4 months ago
#96975,"['Advice', 'Ask Prof Ben']",4 months ago
#96973,[],4 months ago
#96969,"['Romance', 'Advice']",4 months ago
#96967,"['Rant', 'Advice']",4 months ago
#96965,[],4 months ago
#96964,['Ask Prof Ben'],4 months ago
#96962,['Ask Prof Ben'],4 months ago
#96961,['Advice'],4 months ago
#96960,"['Romance', 'Advice', 'Ask Prof Ben']",4 months ago
#96959,"['Romance', 'Rant', 'Advice']",4 months ago
#96953,['Advice'],4 months ago
#96952,"['Romance', 'Advice']",4 months ago
#96949,[],4 months ago
#96947,"['Romance', 'Advice']",4 months ago
#96945,[],4 months ago
#96944,[],4 months ago
#96943,['Advice'],4 months ago
#96942,"['Romance', 'Rant', 'Advice', 'Ask Prof Ben']",4 months ago
#96941,"['Romance', 'Advice']",4 months ago
#96939,"['Funny', 'Romance', 'Advice']",4 months ago
#96937,"['Funny', 'Rant', 'Advice']",4 months ago
#96935,['Advice'],4 months ago
#96934,['Advice'],4 months ago
#96933,['Ask Prof Ben'],4 months ago
#96930,['Rant'],4 months ago
#96929,['Ask Prof Ben'],4 months ago
#96927,['Romance'],4 months ago
#96926,['Advice'],4 months ago
#96925,[],4 months ago
#96924,['Romance'],4 months ago
#96921,"['Advice', 'Ask Prof Ben']",4 months ago
#96920,['Rant'],4 months ago
#96919,"['Romance', 'Rant', 'Advice']",4 months ago
#96918,[],4 months ago
#96915,"['Advice', 'Ask Prof Ben']",4 months ago
#96913,['Rant'],4 months ago
#96912,"['Advice', 'Ask Prof Ben']",4 months ago
#96911,['Ask Prof Ben'],4 months ago
#96910,"['Advice', 'Ask Prof Ben']",4 months ago
#96909,['Ask Prof Ben'],4 months ago
#96908,"['Romance', 'Advice']",4 months ago
#96907,"['Advice', 'Ask Prof Ben']",4 months ago
#96906,"['Rant', 'Advice']",4 months ago
#96903,"['Advice', 'Ask Prof Ben']",4 months ago
#96901,['Rant'],4 months ago
#96900,[],4 months ago
#96888,[],4 months ago
#96887,['Romance'],4 months ago
#96886,['Advice'],4 months ago
#96885,['Advice'],4 months ago
#96884,['Advice'],4 months ago
#96883,['Advice'],4 months ago
#96881,['Advice'],4 months ago
#96879,['Advice'],4 months ago
#96875,['Advice'],4 months ago
#96871,['Romance'],4 months ago
#96865,['Advice'],4 months ago
#96863,[],4 months ago
#96862,['Advice'],4 months ago
#96857,['Advice'],4 months ago
#96856,"['Romance', 'Advice']",4 months ago
#96854,"['Advice', 'Ask Prof Ben']",4 months ago
#96860,"['Advice', 'Ask Prof Ben']",4 months ago
#96855,['Rant'],4 months ago
#96849,['Advice'],4 months ago
#96848,"['Advice', 'Ask Prof Ben']",4 months ago
#96845,"['Advice', 'Ask Prof Ben']",4 months ago
#96842,"['Rant', 'Advice']",4 months ago
#96838,"['Romance', 'Advice']",4 months ago
#96835,['Advice'],4 months ago
#96829,['Advice'],4 months ago
#96828,"['Advice', 'Ask Prof Ben']",4 months ago
#96824,['Advice'],4 months ago
#96822,['Rant'],4 months ago
#96815,['Advice'],4 months ago
#96813,[],4 months ago
#96812,"['Advice', 'Ask Prof Ben']",4 months ago
#96810,"['Advice', 'Ask Prof Ben']",4 months ago
#96809,[],4 months ago
#96807,['Advice'],4 months ago
#96806,[],4 months ago
#96805,"['Romance', 'Rant', 'Advice']",4 months ago
#96803,"['Romance', 'Rant']",4 months ago
#96798,[],4 months ago
#96797,['Romance'],4 months ago
#96795,['Advice'],4 months ago
#96794,"['Romance', 'Advice', 'Ask Prof Ben']",4 months ago
#96793,['Nostalgia'],4 months ago
#96791,[],4 months ago
#96790,['Advice'],4 months ago
#96779,['Advice'],4 months ago
#96784,"['Rant', 'Advice']",4 months ago
#96781,"['Advice', 'Ask Prof Ben']",4 months ago
#96775,['Advice'],4 months ago
#96773,['Advice'],4 months ago
#96771,['Rant'],4 months ago
#96763,"['Romance', 'Advice']",4 months ago
#96762,"['Romance', 'Advice']",4 months ago
#96760,['Advice'],4 months ago
#96758,"['Romance', 'Rant', 'Advice']",4 months ago
#96757,['Advice'],4 months ago
#96755,['Advice'],4 months ago
#96753,['Rant'],4 months ago
#96754,['Rant'],4 months ago
#96747,[],4 months ago
#96745,['Advice'],4 months ago
#96740,['Advice'],4 months ago
#96736,"['Rant', 'Advice']",4 months ago
#96734,"['Advice', 'Ask Prof Ben']",4 months ago
#96732,['Advice'],4 months ago
#96731,['Ask Prof Ben'],4 months ago
#96730,"['Funny', 'Romance']",4 months ago
#96727,"['Romance', 'Advice']",4 months ago
#96722,"['Romance', 'Rant']",4 months ago
#96720,['Ask Prof Ben'],4 months ago
#96719,['Advice'],4 months ago
#96717,['Romance'],4 months ago
#96715,['Romance'],4 months ago
#96712,"['Funny', 'Rant']",4 months ago
#96708,['Advice'],4 months ago
#96707,"['Romance', 'Advice', 'Ask Prof Ben']",4 months ago
#96706,"['Funny', 'Rant', 'Advice']",4 months ago
#96705,"['Rant', 'Advice']",4 months ago
#96699,"['Funny', 'Lost and Found', 'Romance', 'Rant', 'Nostalgia', 'Advice', 'Ask Prof Ben']",4 months ago
#96691,['Advice'],4 months ago
#96695,[],4 months ago
#96694,['Romance'],4 months ago
#96693,[],4 months ago
#96692,"['Rant', 'Advice', 'Ask Prof Ben']",4 months ago
#96688,['Advice'],4 months ago
#96686,[],4 months ago
#96685,"['Romance', 'Advice']",4 months ago
#96684,"['Rant', 'Advice']",4 months ago
#96683,[],4 months ago
#96681,['Rant'],4 months ago
#96680,['Rant'],4 months ago
#96678,[],4 months ago
#96676,"['Romance', 'Advice']",4 months ago
#96675,"['Romance', 'Advice']",4 months ago
#96674,"['Advice', 'Ask Prof Ben']",4 months ago
#96673,[],4 months ago
#96671,"['Advice', 'Ask Prof Ben']",4 months ago
#96670,['Advice'],4 months ago
#96669,['Advice'],4 months ago
#96667,['Ask Prof Ben'],4 months ago
#96666,"['Romance', 'Advice', 'Ask Prof Ben']",4 months ago
#96665,['Rant'],4 months ago
#96663,"['Rant', 'Advice']",4 months ago
#96662,"['Romance', 'Advice']",4 months ago
#96659,['Advice'],4 months ago
#96653,['Advice'],4 months ago
#96652,[],4 months ago
#96649,['Rant'],4 months ago
#96648,"['Advice', 'Ask Prof Ben']",4 months ago
#96642,"['Rant', 'Advice']",4 months ago
#96640,['Advice'],4 months ago
#96636,"['Rant', 'Ask Prof Ben']",4 months ago
#96633,"['Advice', 'Ask Prof Ben']",4 months ago
#96632,"['Romance', 'Advice']",4 months ago
#96630,"['Romance', 'Rant', 'Advice']",4 months ago
#96629,"['Romance', 'Advice']",4 months ago
#96628,"['Romance', 'Rant', 'Nostalgia']",4 months ago
#96615,"['Rant', 'Advice']",4 months ago
#96614,"['Romance', 'Rant', 'Advice']",4 months ago
#96613,['Romance'],4 months ago
#96611,['Romance'],4 months ago
#96609,"['Romance', 'Rant', 'Advice']",4 months ago
#96608,['Advice'],4 months ago
#96603,"['Rant', 'Advice']",4 months ago
#96601,['Rant'],4 months ago
#96598,"['Romance', 'Rant', 'Nostalgia']",4 months ago
#96597,['Advice'],4 months ago
#96596,"['Romance', 'Advice']",4 months ago
#96594,"['Romance', 'Rant', 'Advice']",4 months ago
#96592,['Advice'],4 months ago
#96591,"['Romance', 'Rant', 'Advice']",4 months ago
#96590,['Rant'],4 months ago
#96588,[],4 months ago
#96584,"['Rant', 'Nostalgia', 'Advice', 'Ask Prof Ben']",4 months ago
#96581,"['Romance', 'Advice']",4 months ago
#96577,"['Rant', 'Advice', 'Ask Prof Ben']",4 months ago
#96576,['Rant'],4 months ago
#96572,"['Romance', 'Rant', 'Advice']",4 months ago
#96568,['Advice'],4 months ago
#96562,['Advice'],4 months ago
#96553,"['Rant', 'Advice']",4 months ago
#96552,"['Advice', 'Ask Prof Ben']",4 months ago
#96550,['Rant'],4 months ago
#96548,['Advice'],4 months ago
#96547,['Rant'],4 months ago
#96544,[],4 months ago
#96542,['Rant'],4 months ago
#96543,"['Rant', 'Ask Prof Ben']",4 months ago
#96537,"['Rant', 'Advice', 'Ask Prof Ben']",4 months ago
#96535,['Advice'],4 months ago
#96533,"['Romance', 'Advice']",4 months ago
#96524,"['Romance', 'Advice']",4 months ago
#96522,['Rant'],4 months ago
#96519,['Funny'],4 months ago
#96518,"['Romance', 'Rant', 'Advice']",4 months ago
#96516,['Advice'],4 months ago
#96514,[],4 months ago
#96513,"['Rant', 'Advice']",4 months ago
#96508,"['Romance', 'Advice']",4 months ago
#96507,"['Romance', 'Advice']",4 months ago
#96505,"['Rant', 'Advice']",4 months ago
#96502,"['Romance', 'Nostalgia', 'Advice']",4 months ago
#96501,['Advice'],4 months ago
#96500,"['Rant', 'Advice']",4 months ago
#96499,"['Funny', 'Lost and Found', 'Rant', 'Nostalgia', 'Ask Prof Ben']",4 months ago
#96497,['Advice'],4 months ago
#96496,"['Advice', 'Ask Prof Ben']",4 months ago
#96494,"['Romance', 'Advice']",4 months ago
#96493,['Rant'],4 months ago
#96491,"['Advice', 'Ask Prof Ben']",4 months ago
#96489,"['Romance', 'Rant']",4 months ago
#96487,['Advice'],4 months ago
#96486,['Romance'],4 months ago
#96480,['Nostalgia'],4 months ago
#96474,"['Romance', 'Advice']",4 months ago
#96472,"['Romance', 'Nostalgia', 'Advice']",4 months ago
#96471,[],4 months ago
#96470,['Advice'],4 months ago
#96466,['Advice'],4 months ago
#96465,['Romance'],4 months ago
#96464,"['Rant', 'Advice']",4 months ago
#96460,['Romance'],4 months ago
#96457,['Romance'],4 months ago
#96456,"['Romance', 'Advice', 'Ask Prof Ben']",4 months ago
#96455,['Romance'],4 months ago
#96454,"['Romance', 'Rant', 'Advice']",4 months ago
#96453,"['Rant', 'Advice']",4 months ago
#96449,"['Romance', 'Advice']",4 months ago
#96448,[],4 months ago
#96445,[],4 months ago
#96442,"['Rant', 'Advice']",4 months ago
#96440,"['Rant', 'Advice']",4 months ago
#96435,['Advice'],4 months ago
#96434,"['Funny', 'Romance', 'Rant', 'Advice', 'Ask Prof Ben']",4 months ago
#96433,"['Advice', 'Ask Prof Ben']",4 months ago
#96430,"['Romance', 'Rant', 'Advice']",4 months ago
#96427,['Advice'],4 months ago
#96425,"['Rant', 'Advice']",4 months ago
#96424,['Rant'],4 months ago
#96421,"['Romance', 'Advice']",4 months ago
#96420,"['Advice', 'Ask Prof Ben']",4 months ago
#96417,[],4 months ago
#96416,"['Romance', 'Rant', 'Advice']",4 months ago
#96415,"['Romance', 'Advice']",4 months ago
#96414,['Advice'],4 months ago
#96413,[],4 months ago
#96412,['Rant'],4 months ago
#96406,['Rant'],4 months ago
#96404,"['Lost and Found', 'Rant', 'Nostalgia', 'Advice', 'Ask Prof Ben']",4 months ago
#96402,['Romance'],4 months ago
#96395,['Romance'],4 months ago
#96394,"['Romance', 'Advice']",4 months ago
#96393,"['Romance', 'Advice']",4 months ago
#96391,['Advice'],4 months ago
#96390,['Ask Prof Ben'],4 months ago
#96389,['Advice'],4 months ago
#96386,[],4 months ago
#96385,"['Advice', 'Ask Prof Ben']",4 months ago
#96383,['Rant'],4 months ago
#96375,['Advice'],4 months ago
#96370,['Advice'],4 months ago
#96362,"['Rant', 'Advice', 'Ask Prof Ben']",4 months ago
#96361,['Advice'],4 months ago
#96350,"['Rant', 'Advice']",4 months ago
#96345,['Rant'],4 months ago
#96342,['Nostalgia'],4 months ago
#96340,['Advice'],4 months ago
#96346,[],4 months ago
#96363,"['Advice', 'Ask Prof Ben']",4 months ago
#96349,[],4 months ago
#96339,"['Romance', 'Rant', 'Advice']",4 months ago
#96338,[],4 months ago
#96331,['Rant'],4 months ago
#96327,['Rant'],4 months ago
#96322,['Advice'],4 months ago
#96304,['Advice'],4 months ago
#96302,['Advice'],4 months ago
#96300,['Advice'],4 months ago
#96289,['Advice'],4 months ago
#96284,['Advice'],4 months ago
#96281,['Advice'],4 months ago
#96279,"['Romance', 'Rant', 'Advice']",4 months ago
#96278,['Advice'],4 months ago
#96276,['Advice'],4 months ago
#96275,['Advice'],4 months ago
#96274,['Rant'],4 months ago
#96273,['Advice'],4 months ago
#96271,"['Romance', 'Rant', 'Advice']",4 months ago
#96269,"['Rant', 'Advice']",4 months ago
#96264,"['Funny', 'Rant']",4 months ago
#96263,"['Romance', 'Nostalgia']",4 months ago
#96257,['Advice'],4 months ago
#96255,"['Rant', 'Advice']",4 months ago
#96253,['Advice'],4 months ago
#96250,"['Romance', 'Rant', 'Advice']",4 months ago
#96248,"['Romance', 'Rant']",4 months ago
#96246,"['Romance', 'Rant', 'Advice']",4 months ago
#96245,['Rant'],4 months ago
#96244,['Rant'],4 months ago
#96243,['Advice'],4 months ago
#96242,"['Romance', 'Advice']",4 months ago
#96239,"['Romance', 'Rant', 'Advice']",5 months ago
#96234,['Advice'],5 months ago
#96227,['Advice'],5 months ago
#96226,"['Rant', 'Advice']",5 months ago
#96224,['Romance'],5 months ago
#96223,['Romance'],5 months ago
#96222,"['Rant', 'Advice']",5 months ago
#96217,"['Romance', 'Rant', 'Advice']",5 months ago
#96216,['Romance'],5 months ago
#96214,"['Romance', 'Advice']",5 months ago
#96213,"['Romance', 'Advice']",5 months ago
#96209,['Advice'],5 months ago
#96207,"['Romance', 'Advice']",5 months ago
#96204,['Advice'],5 months ago
#96203,['Advice'],5 months ago
#96200,['Rant'],5 months ago
#96192,"['Rant', 'Advice']",5 months ago
#96191,['Ask Prof Ben'],5 months ago
#96189,"['Rant', 'Advice']",5 months ago
#96187,"['Rant', 'Advice']",5 months ago
#96185,['Advice'],5 months ago
#96184,['Advice'],5 months ago
#96180,['Ask Prof Ben'],5 months ago
#96179,[],5 months ago
#96178,"['Advice', 'Ask Prof Ben']",5 months ago
#96177,['Romance'],5 months ago
#96176,['Rant'],5 months ago
#96175,[],5 months ago
#96174,"['Romance', 'Advice']",5 months ago
#96173,['Ask Prof Ben'],5 months ago
#96172,"['Romance', 'Rant', 'Advice']",5 months ago
#96166,"['Advice', 'Ask Prof Ben']",5 months ago
#96162,"['Romance', 'Advice', 'Ask Prof Ben']",5 months ago
#96161,['Rant'],5 months ago
#96160,['Ask Prof Ben'],5 months ago
#96157,[],5 months ago
#96155,[],5 months ago
#96151,['Advice'],5 months ago
#96145,[],5 months ago
#96140,"['Rant', 'Advice']",5 months ago
#96126,"['Romance', 'Rant', 'Advice']",5 months ago
#96125,['Rant'],5 months ago
#96122,"['Rant', 'Advice']",5 months ago
#96117,['Advice'],5 months ago
#96116,['Advice'],5 months ago
#96115,['Romance'],5 months ago
#96114,[],5 months ago
#96110,"['Rant', 'Advice']",5 months ago
#96108,"['Romance', 'Advice']",5 months ago
#96106,"['Romance', 'Advice']",5 months ago
#96104,"['Rant', 'Advice']",5 months ago
#96103,"['Romance', 'Advice']",5 months ago
#96102,[],5 months ago
#96133,"['Romance', 'Advice']",5 months ago
#96092,['Advice'],5 months ago
#96091,['Advice'],5 months ago
#96090,"['Romance', 'Advice']",5 months ago
#96089,['Romance'],5 months ago
#96088,['Romance'],5 months ago
#96085,"['Romance', 'Rant', 'Advice']",5 months ago
#96078,"['Advice', 'Ask Prof Ben']",5 months ago
#96076,['Advice'],5 months ago
#96071,['Rant'],5 months ago
#96070,['Romance'],5 months ago
#96069,[],5 months ago
#96068,['Advice'],5 months ago
#96065,['Rant'],5 months ago
#96063,"['Romance', 'Rant', 'Nostalgia', 'Advice', 'Ask Prof Ben']",5 months ago
#96061,['Rant'],5 months ago
#96059,['Rant'],5 months ago
#96058,"['Rant', 'Nostalgia']",5 months ago
#96053,[],5 months ago
#96052,"['Romance', 'Rant']",5 months ago
#96047,['Rant'],5 months ago
#96045,"['Romance', 'Rant']",5 months ago
#96042,"['Rant', 'Advice']",5 months ago
#96041,['Advice'],5 months ago
#96037,"['Romance', 'Advice']",5 months ago
#96031,"['Rant', 'Advice']",5 months ago
#96028,['Advice'],5 months ago
#96027,"['Rant', 'Advice', 'Ask Prof Ben']",5 months ago
#96026,"['Rant', 'Advice']",5 months ago
#96025,"['Rant', 'Advice']",5 months ago
#96024,"['Romance', 'Advice']",5 months ago
#96023,"['Rant', 'Advice', 'Ask Prof Ben']",5 months ago
#96021,['Romance'],5 months ago
#96020,['Advice'],5 months ago
#96019,"['Rant', 'Advice', 'Ask Prof Ben']",5 months ago
#96015,[],5 months ago
#96011,['Advice'],5 months ago
#96008,"['Rant', 'Advice', 'Ask Prof Ben']",5 months ago
#96005,"['Rant', 'Advice']",5 months ago
#96003,"['Rant', 'Ask Prof Ben']",5 months ago
#96001,"['Advice', 'Ask Prof Ben']",5 months ago
#96000,['Rant'],5 months ago
#95999,"['Romance', 'Rant']",5 months ago
#95997,"['Romance', 'Advice']",5 months ago
#95998,['Advice'],5 months ago
#95992,['Advice'],5 months ago
#95991,['Advice'],5 months ago
#95990,['Advice'],5 months ago
#95988,['Romance'],5 months ago
#95985,[],5 months ago
#95978,['Rant'],5 months ago
#95972,[],5 months ago
#95964,['Advice'],5 months ago
#95959,"['Romance', 'Advice']",5 months ago
#95958,['Rant'],5 months ago
#95954,"['Romance', 'Advice']",5 months ago
#95943,"['Romance', 'Advice']",5 months ago
#95941,"['Advice', 'Ask Prof Ben']",5 months ago
#95940,[],5 months ago
#95933,['Rant'],5 months ago
#95926,['Advice'],5 months ago
#95925,['Advice'],5 months ago
#95922,['Advice'],5 months ago
#95919,"['Romance', 'Advice']",5 months ago
#95918,['Advice'],5 months ago
#95917,"['Funny', 'Rant']",5 months ago
#95916,"['Romance', 'Rant', 'Nostalgia', 'Advice']",5 months ago
#95915,['Nostalgia'],5 months ago
#95912,"['Rant', 'Advice', 'Ask Prof Ben']",5 months ago
#95909,['Rant'],5 months ago
#95903,"['Romance', 'Advice', 'Ask Prof Ben']",5 months ago
#95902,['Ask Prof Ben'],5 months ago
#95901,"['Romance', 'Advice']",5 months ago
#95898,['Advice'],5 months ago
#95897,"['Advice', 'Ask Prof Ben']",5 months ago
#95896,"['Rant', 'Advice', 'Ask Prof Ben']",5 months ago
#95894,"['Romance', 'Nostalgia']",5 months ago
#95893,"['Advice', 'Ask Prof Ben']",5 months ago
#95892,"['Advice', 'Ask Prof Ben']",5 months ago
#95884,"['Advice', 'Ask Prof Ben']",5 months ago
#95878,"['Romance', 'Rant']",5 months ago
#95877,['Advice'],5 months ago
#95875,['Rant'],5 months ago
#95870,"['Rant', 'Advice']",5 months ago
#95866,[],5 months ago
#95862,[],5 months ago
#95860,"['Rant', 'Advice']",5 months ago
#95859,['Rant'],5 months ago
#95858,"['Romance', 'Advice']",5 months ago
#95856,"['Rant', 'Advice']",5 months ago
#95855,['Rant'],5 months ago
#95854,['Advice'],5 months ago
#95850,['Ask Prof Ben'],5 months ago
#95849,[],5 months ago
#95844,"['Advice', 'Ask Prof Ben']",5 months ago
#95843,['Advice'],5 months ago
#95829,[],5 months ago
#95825,"['Romance', 'Advice']",5 months ago
#95823,[],5 months ago
#95819,['Romance'],5 months ago
#95817,['Ask Prof Ben'],5 months ago
#95815,"['Romance', 'Advice']",5 months ago
#95814,['Romance'],5 months ago
#95812,['Rant'],5 months ago
#95809,"['Romance', 'Nostalgia']",5 months ago
#95807,['Romance'],5 months ago
#95806,"['Romance', 'Advice', 'Ask Prof Ben']",5 months ago
#95797,['Funny'],5 months ago
#95791,['Ask Prof Ben'],5 months ago
#95790,['Advice'],5 months ago
#95789,"['Romance', 'Rant']",5 months ago
#95788,[],5 months ago
#95785,['Romance'],5 months ago
#95782,['Advice'],5 months ago
#95781,"['Romance', 'Advice']",5 months ago
#95774,"['Advice', 'Ask Prof Ben']",5 months ago
#95770,['Advice'],5 months ago
#95769,['Advice'],5 months ago
#95764,"['Rant', 'Advice']",5 months ago
#95762,['Advice'],5 months ago
#95761,['Rant'],5 months ago
#95759,['Advice'],5 months ago
#95752,"['Rant', 'Advice']",5 months ago
#95749,[],5 months ago
#95747,"['Romance', 'Advice']",5 months ago
#95731,['Advice'],5 months ago
#95728,"['Rant', 'Advice']",5 months ago
#95726,['Romance'],5 months ago
#95724,['Rant'],5 months ago
#95720,['Advice'],5 months ago
#95719,['Advice'],5 months ago
#95718,"['Rant', 'Advice']",5 months ago
#95716,['Rant'],5 months ago
#95714,[],5 months ago
#95708,['Romance'],5 months ago
#95705,"['Rant', 'Advice']",5 months ago
#95702,['Rant'],5 months ago
#95697,['Rant'],5 months ago
#95696,"['Rant', 'Advice']",5 months ago
#95690,[],5 months ago
#95688,"['Romance', 'Advice', 'Ask Prof Ben']",5 months ago
#95687,['Ask Prof Ben'],5 months ago
#95682,['Advice'],5 months ago
#95680,"['Romance', 'Rant', 'Advice']",5 months ago
#95677,"['Advice', 'Ask Prof Ben']",5 months ago
#95673,['Rant'],5 months ago
#95672,['Romance'],5 months ago
#95661,"['Rant', 'Advice', 'Ask Prof Ben']",5 months ago
#95657,[],5 months ago
#95656,"['Romance', 'Advice']",5 months ago
#95655,[],5 months ago
#95652,[],5 months ago
#95649,['Advice'],5 months ago
#95645,"['Funny', 'Advice']",5 months ago
#95643,"['Romance', 'Rant', 'Nostalgia']",5 months ago
#95639,['Advice'],5 months ago
#95635,[],5 months ago
#95633,"['Romance', 'Advice']",5 months ago
#95631,['Advice'],5 months ago
#95627,['Rant'],5 months ago
#95626,"['Romance', 'Advice']",5 months ago
#95622,[],5 months ago
#95620,['Advice'],5 months ago
#95619,['Romance'],5 months ago
#95616,"['Rant', 'Advice']",5 months ago
#95610,[],5 months ago
#95609,"['Rant', 'Advice']",5 months ago
#95608,['Rant'],5 months ago
#95607,"['Romance', 'Advice']",5 months ago
#95606,"['Romance', 'Advice']",5 months ago
#95604,"['Funny', 'Romance', 'Rant', 'Advice']",5 months ago
#95601,"['Advice', 'Ask Prof Ben']",5 months ago
#95745,[],5 months ago
#95746,[],5 months ago
#95750,[],5 months ago
#95751,['Advice'],5 months ago
#95735,['Advice'],5 months ago
#95737,['Advice'],5 months ago
#95743,[],5 months ago
#95590,['Advice'],5 months ago
#95589,['Advice'],5 months ago
#95580,['Rant'],5 months ago
#95566,[],5 months ago
#95555,"['Lost and Found', 'Romance', 'Nostalgia']",5 months ago
#95558,['Advice'],5 months ago
#95574,[],5 months ago
#95579,"['Rant', 'Advice']",5 months ago
#95585,[],5 months ago
#95587,[],5 months ago
#95594,['Advice'],5 months ago
#95599,[],5 months ago
#95605,[],5 months ago
#95612,"['Rant', 'Advice', 'Ask Prof Ben']",5 months ago
#95634,"['Romance', 'Advice']",5 months ago
#95640,"['Rant', 'Advice']",5 months ago
#95641,['Rant'],5 months ago
#95554,['Rant'],5 months ago
#95552,[],5 months ago
#95551,['Advice'],6 months ago
#95549,"['Romance', 'Advice']",6 months ago
#95548,['Ask Prof Ben'],6 months ago
#95541,"['Romance', 'Advice']",6 months ago
#95539,['Romance'],6 months ago
#95537,[],6 months ago
#95534,"['Romance', 'Advice']",6 months ago
#95532,[],6 months ago
#95531,['Advice'],6 months ago
#95528,['Advice'],6 months ago
#95527,[],6 months ago
#95526,['Ask Prof Ben'],6 months ago
#95518,[],6 months ago
#95525,"['Nostalgia', 'Advice', 'Ask Prof Ben']",6 months ago
#95524,"['Rant', 'Advice']",6 months ago
#95521,[],6 months ago
#95519,"['Rant', 'Advice']",6 months ago
#95515,['Rant'],6 months ago
#95514,['Advice'],6 months ago
#95511,[],6 months ago
#95510,['Rant'],6 months ago
#95504,['Advice'],6 months ago
#95505,[],6 months ago
#95502,"['Romance', 'Advice']",6 months ago
#95498,"['Romance', 'Advice']",6 months ago
#95495,"['Romance', 'Advice']",6 months ago
#95490,[],6 months ago
#95489,['Rant'],6 months ago
#95488,"['Rant', 'Advice']",6 months ago
#95485,"['Advice', 'Ask Prof Ben']",6 months ago
#95484,[],6 months ago
#95476,['Rant'],6 months ago
#95458,['Rant'],6 months ago
#95466,"['Romance', 'Advice']",6 months ago
#95467,['Rant'],6 months ago
#95465,"['Rant', 'Advice']",6 months ago
#95460,"['Romance', 'Rant']",6 months ago
#95457,['Romance'],6 months ago
#95455,['Rant'],6 months ago
#95453,['Rant'],6 months ago
#95452,[],6 months ago
#95451,['Rant'],6 months ago
#95449,['Advice'],6 months ago
#95448,['Rant'],6 months ago
#95446,['Romance'],6 months ago
#95445,"['Romance', 'Rant', 'Advice']",6 months ago
#95442,[],6 months ago
#95441,[],6 months ago
#95439,[],6 months ago
#95436,['Advice'],6 months ago
#95424,[],6 months ago
#95421,['Rant'],6 months ago
#95416,['Romance'],6 months ago
#95405,['Rant'],6 months ago
#95394,[],6 months ago
#95393,['Rant'],6 months ago
#95390,['Advice'],6 months ago
#95387,[],6 months ago
#95427,['Funny'],6 months ago
#95377,['Advice'],6 months ago
#95375,['Rant'],6 months ago
#95370,[],6 months ago
#95367,"['Funny', 'Rant']",6 months ago
#95365,"['Romance', 'Rant']",6 months ago
#95364,"['Romance', 'Rant', 'Nostalgia', 'Advice']",6 months ago
#95363,['Rant'],6 months ago
#95362,"['Romance', 'Advice']",6 months ago
#95359,['Advice'],6 months ago
#95355,['Advice'],6 months ago
#95354,['Romance'],6 months ago
#95352,['Rant'],6 months ago
#95351,[],6 months ago
#95349,['Advice'],6 months ago
#95350,"['Rant', 'Advice']",6 months ago
#95345,['Advice'],6 months ago
#95344,[],6 months ago
#95343,"['Romance', 'Rant', 'Advice']",6 months ago
#95336,"['Rant', 'Advice']",6 months ago
#95335,['Advice'],6 months ago
#95333,['Advice'],6 months ago
#95329,['Rant'],6 months ago
#95328,"['Funny', 'Rant', 'Advice']",6 months ago
#95326,"['Funny', 'Rant', 'Advice']",6 months ago
#95323,['Rant'],6 months ago
#95318,['Rant'],6 months ago
#95316,"['Funny', 'Rant', 'Advice']",6 months ago
#95312,[],6 months ago
#95309,"['Romance', 'Advice', 'Ask Prof Ben']",6 months ago
#95306,"['Romance', 'Advice']",6 months ago
#95303,['Rant'],6 months ago
#95298,"['Advice', 'Ask Prof Ben']",6 months ago
#95297,['Rant'],6 months ago
#95296,[],6 months ago
#95291,[],6 months ago
#95289,"['Romance', 'Advice']",6 months ago
#95288,"['Rant', 'Advice']",6 months ago
#95285,['Rant'],6 months ago
#95284,[],6 months ago
#95282,['Funny'],6 months ago
#95280,['Rant'],6 months ago
#95279,[],6 months ago
#95278,[],6 months ago
#95276,['Rant'],6 months ago
#95275,['Advice'],6 months ago
#95274,"['Rant', 'Advice']",6 months ago
#95273,"['Romance', 'Advice']",6 months ago
#95271,[],6 months ago
#95270,['Advice'],6 months ago
#95268,"['Romance', 'Rant', 'Advice']",6 months ago
#95266,['Funny'],6 months ago
#95265,"['Romance', 'Advice']",6 months ago
#95260,['Advice'],6 months ago
#95259,['Advice'],6 months ago
#95258,"['Funny', 'Advice']",6 months ago
#95256,['Advice'],6 months ago
#95253,['Advice'],6 months ago
#95251,['Advice'],6 months ago
#95252,"['Rant', 'Advice']",6 months ago
#95250,['Romance'],6 months ago
#95247,['Advice'],6 months ago
#95242,[],6 months ago
#95239,['Advice'],6 months ago
#95238,"['Romance', 'Advice']",6 months ago
#95231,[],6 months ago
#95230,['Rant'],6 months ago
#95229,['Rant'],6 months ago
#95227,[],6 months ago
#95228,"['Funny', 'Advice']",6 months ago
#95225,[],6 months ago
#95224,"['Romance', 'Advice']",6 months ago
#95221,['Advice'],6 months ago
#95220,['Advice'],6 months ago
#95218,[],6 months ago
#95214,"['Advice', 'Ask Prof Ben']",6 months ago
#95217,"['Rant', 'Advice']",6 months ago
#95210,[],6 months ago
#95209,['Romance'],6 months ago
#95203,"['Romance', 'Advice']",6 months ago
#95197,"['Romance', 'Advice']",6 months ago
#95191,['Romance'],6 months ago
#95190,"['Rant', 'Advice']",6 months ago
#95189,['Rant'],6 months ago
#95186,['Advice'],6 months ago
#95184,[],6 months ago
#95181,[],6 months ago
#95179,['Advice'],6 months ago
#95178,"['Rant', 'Advice', 'Ask Prof Ben']",6 months ago
#95170,['Advice'],6 months ago
#95169,"['Rant', 'Advice']",6 months ago
#95168,['Rant'],6 months ago
#95167,['Funny'],6 months ago
#95166,['Rant'],6 months ago
#95165,['Rant'],6 months ago
#95164,['Funny'],6 months ago
#95163,['Advice'],6 months ago
#95162,['Advice'],6 months ago
#95160,['Funny'],6 months ago
#95159,[],6 months ago
#95158,['Romance'],6 months ago
#95154,[],6 months ago
#95149,[],6 months ago
#95148,['Rant'],6 months ago
#95147,"['Rant', 'Advice']",6 months ago
#95146,"['Advice', 'Ask Prof Ben']",6 months ago
#95144,['Advice'],6 months ago
#95143,"['Funny', 'Romance']",6 months ago
#95142,"['Romance', 'Advice']",6 months ago
#95140,['Advice'],6 months ago
#95139,"['Rant', 'Advice']",6 months ago
#95138,"['Rant', 'Ask Prof Ben']",6 months ago
#95137,['Romance'],6 months ago
#95134,['Romance'],6 months ago
#95133,['Rant'],6 months ago
#95129,[],6 months ago
#95128,['Rant'],6 months ago
#95132,"['Advice', 'Ask Prof Ben']",6 months ago
#95127,['Advice'],6 months ago
#95126,['Advice'],6 months ago
#95125,['Rant'],6 months ago
#95123,['Romance'],6 months ago
#95122,[],6 months ago
#95121,[],6 months ago
#95120,['Advice'],6 months ago
#95118,"['Rant', 'Advice']",6 months ago
#95115,['Advice'],6 months ago
#95114,['Rant'],6 months ago
#95111,['Advice'],6 months ago
#95107,"['Advice', 'Ask Prof Ben']",6 months ago
#95106,[],6 months ago
#95100,['Rant'],6 months ago
#95097,[],6 months ago
#95096,['Advice'],6 months ago
#95095,"['Rant', 'Advice']",6 months ago
#95094,[],6 months ago
#95092,['Advice'],6 months ago
#95090,['Rant'],6 months ago
#95089,"['Rant', 'Advice']",6 months ago
#95088,['Rant'],6 months ago
#95087,"['Rant', 'Advice']",6 months ago
#95086,[],6 months ago
#95082,['Advice'],6 months ago
#95075,"['Rant', 'Advice', 'Ask Prof Ben']",6 months ago
#95074,[],6 months ago
#95072,['Rant'],6 months ago
#95071,['Rant'],6 months ago
#95070,['Advice'],6 months ago
#95068,['Rant'],6 months ago
#95066,['Advice'],6 months ago
#95067,[],6 months ago
#95065,[],6 months ago
#95064,['Rant'],6 months ago
#95063,"['Rant', 'Advice']",6 months ago
#95062,[],6 months ago
#95060,['Advice'],6 months ago
#95058,['Rant'],6 months ago
#95057,"['Romance', 'Advice', 'Ask Prof Ben']",6 months ago
#95056,['Advice'],6 months ago
#95055,['Romance'],6 months ago
#95053,['Funny'],6 months ago
#95052,"['Rant', 'Advice']",6 months ago
#95046,"['Rant', 'Advice']",6 months ago
#95041,['Advice'],6 months ago
#95040,[],6 months ago
#95038,['Romance'],6 months ago
#95037,['Advice'],6 months ago
#95036,['Advice'],6 months ago
#95035,['Ask Prof Ben'],6 months ago
#95029,"['Romance', 'Advice']",6 months ago
#95028,['Advice'],6 months ago
#95027,['Funny'],6 months ago
#95025,"['Romance', 'Advice']",6 months ago
#95022,[],6 months ago
#95020,['Rant'],6 months ago
#95016,['Advice'],6 months ago
#95015,[],6 months ago
#95011,['Advice'],6 months ago
#95010,"['Rant', 'Advice']",6 months ago
#95006,['Rant'],6 months ago
#95005,"['Romance', 'Advice']",6 months ago
#95004,"['Romance', 'Rant', 'Advice']",6 months ago
#95003,"['Romance', 'Nostalgia']",6 months ago
#95002,['Advice'],6 months ago
#95001,[],6 months ago
#95000,['Advice'],6 months ago
#94998,"['Funny', 'Romance', 'Advice']",6 months ago
#94996,"['Romance', 'Rant', 'Advice']",6 months ago
#94995,['Advice'],6 months ago
#94993,[],6 months ago
#94989,['Rant'],6 months ago
#94988,['Rant'],6 months ago
#94987,['Funny'],6 months ago
#94985,['Ask Prof Ben'],6 months ago
#94984,['Advice'],6 months ago
#94983,['Advice'],6 months ago
#94982,['Advice'],6 months ago
#94980,['Advice'],6 months ago
#94974,"['Romance', 'Advice']",6 months ago
#94977,"['Romance', 'Rant', 'Advice']",6 months ago
#94973,"['Rant', 'Advice']",6 months ago
#94949,"['Romance', 'Rant']",6 months ago
#94972,['Nostalgia'],6 months ago
#94971,['Rant'],6 months ago
#94965,"['Romance', 'Advice']",6 months ago
#94945,['Advice'],6 months ago
#94942,"['Romance', 'Advice']",6 months ago
#94948,['Advice'],6 months ago
#94954,[],6 months ago
#94959,['Rant'],6 months ago
#94958,['Nostalgia'],6 months ago
#94953,[],6 months ago
#94955,['Advice'],6 months ago
#94951,"['Romance', 'Rant', 'Nostalgia', 'Advice']",6 months ago
#94943,"['Funny', 'Romance']",6 months ago
#94944,"['Rant', 'Ask Prof Ben']",6 months ago
#94940,"['Romance', 'Nostalgia']",6 months ago
#94938,['Ask Prof Ben'],6 months ago
#94936,['Advice'],6 months ago
#94935,"['Rant', 'Advice']",6 months ago
#94934,['Rant'],6 months ago
#94932,"['Romance', 'Advice']",6 months ago
#94931,['Advice'],6 months ago
#94924,['Rant'],6 months ago
#94920,['Advice'],6 months ago
#94918,['Ask Prof Ben'],6 months ago
#94917,"['Romance', 'Advice']",6 months ago
#94916,['Advice'],6 months ago
#94908,"['Romance', 'Advice', 'Ask Prof Ben']",6 months ago
#94905,"['Romance', 'Rant', 'Advice']",6 months ago
#94900,"['Funny', 'Ask Prof Ben']",6 months ago
#94898,"['Rant', 'Advice']",6 months ago
#94897,"['Advice', 'Ask Prof Ben']",6 months ago
#94893,"['Romance', 'Rant', 'Advice']",6 months ago
#94892,['Rant'],6 months ago
#94884,[],6 months ago
#94880,['Advice'],6 months ago
#94879,[],6 months ago
#94877,"['Advice', 'Ask Prof Ben']",6 months ago
#94873,"['Rant', 'Advice']",6 months ago
#94871,"['Funny', 'Rant', 'Ask Prof Ben']",6 months ago
#94869,['Advice'],6 months ago
#94867,['Advice'],6 months ago
#94866,['Advice'],6 months ago
#94865,['Advice'],6 months ago
#94864,"['Rant', 'Advice']",6 months ago
#94863,['Rant'],6 months ago
#94862,['Advice'],6 months ago
#94861,['Advice'],6 months ago
#94857,['Rant'],6 months ago
#94852,['Advice'],6 months ago
#94851,"['Romance', 'Rant', 'Advice']",6 months ago
#94847,['Rant'],6 months ago
#94846,"['Romance', 'Advice']",6 months ago
#94842,"['Romance', 'Rant']",6 months ago
#94840,"['Romance', 'Advice']",6 months ago
#94839,[],6 months ago
#94835,"['Romance', 'Advice']",6 months ago
#94832,['Advice'],6 months ago
#94830,['Advice'],6 months ago
#94818,['Advice'],6 months ago
#94815,[],6 months ago
#94811,"['Rant', 'Advice']",6 months ago
#94808,['Rant'],6 months ago
#94806,[],6 months ago
#94802,[],6 months ago
#94800,['Rant'],6 months ago
#94798,['Rant'],6 months ago
#94797,"['Rant', 'Advice']",6 months ago
#94795,['Romance'],6 months ago
#94794,[],6 months ago
#94776,['Advice'],6 months ago
#94775,['Advice'],6 months ago
#94774,['Advice'],6 months ago
#94772,"['Rant', 'Advice']",6 months ago
#94771,['Rant'],6 months ago
#94783,"['Rant', 'Advice']",6 months ago
#94789,"['Funny', 'Lost and Found', 'Rant', 'Nostalgia', 'Advice', 'Ask Prof Ben']",6 months ago
#94787,['Advice'],6 months ago
#94779,['Rant'],6 months ago
#94777,['Rant'],6 months ago
#94770,['Advice'],6 months ago
#94767,['Advice'],6 months ago
#94766,['Advice'],6 months ago
#94765,['Advice'],6 months ago
#94764,['Rant'],6 months ago
#94758,['Romance'],6 months ago
#94754,['Advice'],6 months ago
#94745,['Advice'],6 months ago
#94755,"['Romance', 'Rant']",6 months ago
#94741,['Advice'],6 months ago
#94740,"['Romance', 'Advice']",6 months ago
#94739,"['Romance', 'Advice']",6 months ago
#94737,[],6 months ago
#94730,"['Romance', 'Advice', 'Ask Prof Ben']",6 months ago
#94725,['Advice'],6 months ago
#94728,"['Rant', 'Advice']",6 months ago
#94724,"['Romance', 'Advice']",6 months ago
#94723,"['Romance', 'Advice']",6 months ago
#94722,['Rant'],6 months ago
#94727,"['Romance', 'Rant', 'Advice']",6 months ago
#94720,['Advice'],6 months ago
#94718,"['Advice', 'Ask Prof Ben']",6 months ago
#94717,"['Romance', 'Advice']",6 months ago
#94716,['Advice'],6 months ago
#94715,['Romance'],6 months ago
#94714,"['Rant', 'Advice']",6 months ago
#94713,['Rant'],6 months ago
#94709,['Advice'],6 months ago
#94707,"['Rant', 'Nostalgia']",6 months ago
#94705,"['Romance', 'Advice']",6 months ago
#94706,[],6 months ago
#94703,"['Romance', 'Advice']",6 months ago
#94702,['Rant'],6 months ago
#94699,['Advice'],6 months ago
#94690,[],6 months ago
#94689,"['Romance', 'Rant', 'Advice']",6 months ago
#94688,"['Rant', 'Nostalgia']",6 months ago
#94687,"['Romance', 'Rant', 'Advice']",6 months ago
#94685,['Advice'],6 months ago
#94681,['Advice'],6 months ago
#94676,['Romance'],6 months ago
#94675,[],6 months ago
#94673,[],6 months ago
#94672,['Advice'],6 months ago
#94666,['Advice'],6 months ago
#94665,['Romance'],6 months ago
#94663,['Romance'],6 months ago
#94662,"['Rant', 'Advice']",6 months ago
#94659,['Advice'],6 months ago
#94658,"['Rant', 'Advice']",6 months ago
#94657,['Funny'],6 months ago
#94656,[],6 months ago
#94650,['Advice'],6 months ago
#94640,"['Advice', 'Ask Prof Ben']",6 months ago
#94638,['Advice'],6 months ago
#94642,"['Advice', 'Ask Prof Ben']",6 months ago
#94643,"['Rant', 'Advice']",6 months ago
#94637,['Romance'],6 months ago
#94636,['Advice'],6 months ago
#94631,"['Romance', 'Rant', 'Advice']",6 months ago
#94630,"['Romance', 'Advice', 'Ask Prof Ben']",6 months ago
#94629,[],6 months ago
#94626,['Romance'],6 months ago
#94625,[],6 months ago
#94627,['Advice'],6 months ago
#94628,"['Romance', 'Rant', 'Advice']",6 months ago
#94624,['Advice'],6 months ago
#94622,"['Rant', 'Advice']",6 months ago
#94621,[],6 months ago
#94620,"['Romance', 'Advice']",6 months ago
#94619,"['Romance', 'Rant', 'Advice']",6 months ago
#94618,"['Romance', 'Advice']",6 months ago
#94616,['Rant'],6 months ago
#94614,"['Advice', 'Ask Prof Ben']",6 months ago
#94612,"['Advice', 'Ask Prof Ben']",6 months ago
#94607,['Advice'],6 months ago
#94605,['Rant'],6 months ago
#94606,['Rant'],6 months ago
#94602,['Rant'],6 months ago
#94599,['Ask Prof Ben'],6 months ago
#94594,[],6 months ago
#94593,"['Rant', 'Advice']",6 months ago
#93506,['Rant'],6 months ago
#94564,['Advice'],6 months ago
#94572,[],6 months ago
#94570,['Advice'],6 months ago
#94562,['Advice'],6 months ago
#94557,"['Rant', 'Advice']",6 months ago
#94555,['Advice'],6 months ago
#94556,"['Rant', 'Advice', 'Ask Prof Ben']",6 months ago
#94553,['Rant'],6 months ago
#94548,['Advice'],6 months ago
#94542,['Rant'],6 months ago
#94540,[],6 months ago
#94539,['Advice'],6 months ago
#94537,"['Advice', 'Ask Prof Ben']",6 months ago
#94529,"['Rant', 'Advice']",6 months ago
#94530,['Advice'],6 months ago
#94523,['Advice'],6 months ago
#94527,['Rant'],6 months ago
